"2017-12-05 11:05:19.897044","0","0","24.4","0.49"
"2017-12-05 11:05:22.053029","0","1","24.4","0.49"
"2017-12-05 11:05:22.944932","0","2","24.4","0.49"
"2017-12-05 11:05:23.834761","0","3","24.3","0.46"
"2017-12-05 11:05:24.726659","0","4","24.3","0.46"
"2017-12-05 11:05:44.022167","4","0","-8.1","0.54"
"2017-12-05 11:05:45.029890","4","1","-7.8","0.4"
"2017-12-05 11:05:46.041469","4","2","-8.0","0.63"
"2017-12-05 11:05:47.049276","4","3","-7.7","0.64"
"2017-12-05 11:05:48.056579","4","4","-7.9","0.3"
"2017-12-05 11:06:38.138066","0","0","24.3","0.46"
"2017-12-05 11:06:39.145504","0","1","24.3","0.46"
"2017-12-05 11:06:40.157460","0","2","24.1","0.3"
"2017-12-05 11:06:41.164765","0","3","24.3","0.46"
"2017-12-05 11:06:42.176523","0","4","24.2","0.4"
"2017-12-05 11:07:02.263052","4","0","-8.0","0.45"
"2017-12-05 11:07:03.270755","4","1","-8.0","0.63"
"2017-12-05 11:07:04.282390","4","2","-7.9","0.3"
"2017-12-05 11:07:05.305465","4","3","-8.0","0.63"
"2017-12-05 11:07:06.324328","4","4","-7.9","0.54"
"2017-12-05 11:07:56.387208","0","0","24.0","0.0"
"2017-12-05 11:07:57.398860","0","1","24.4","0.49"
"2017-12-05 11:07:58.420871","0","2","24.4","0.49"
"2017-12-05 11:07:59.442740","0","3","24.1","0.3"
"2017-12-05 11:08:00.464383","0","4","24.4","0.49"
"2017-12-05 11:08:20.508290","4","0","-7.8","0.75"
"2017-12-05 11:08:21.533960","4","1","-8.2","0.4"
"2017-12-05 11:08:22.554363","4","2","-7.9","0.54"
"2017-12-05 11:08:23.573640","4","3","-8.2","0.4"
"2017-12-05 11:08:24.590210","4","4","-8.1","0.3"
"2017-12-05 11:09:14.628215","0","0","24.3","0.46"
"2017-12-05 11:09:15.665406","0","1","24.5","0.5"
"2017-12-05 11:09:16.683977","0","2","24.3","0.46"
"2017-12-05 11:09:17.699924","0","3","24.5","0.5"
"2017-12-05 11:09:18.720126","0","4","24.2","0.4"
"2017-12-05 11:09:38.749378","4","0","-8.1","0.3"
"2017-12-05 11:09:39.836353","4","1","-8.0","0.45"
"2017-12-05 11:09:40.892462","4","2","-8.0","0.45"
"2017-12-05 11:09:41.947454","4","3","-7.6","0.49"
"2017-12-05 11:09:43.006964","4","4","-7.6","0.49"
"2017-12-05 11:10:32.873308","0","0","24.2","0.4"
"2017-12-05 11:10:33.937202","0","1","24.5","0.5"
"2017-12-05 11:10:34.992773","0","2","24.6","0.49"
"2017-12-05 11:10:36.048281","0","3","24.4","0.49"
"2017-12-05 11:10:37.104138","0","4","24.4","0.49"
"2017-12-05 11:10:56.998243","4","0","-8.1","0.7"
"2017-12-05 11:10:58.057673","4","1","-8.0","0.45"
"2017-12-05 11:10:59.116502","4","2","-8.0","0.63"
"2017-12-05 11:11:00.174742","4","3","-7.6","0.49"
"2017-12-05 11:11:01.229991","4","4","-7.5","0.5"
"2017-12-05 11:11:51.122447","0","0","24.3","0.46"
"2017-12-05 11:11:52.129522","0","1","24.2","0.4"
"2017-12-05 11:11:53.141637","0","2","24.2","0.4"
"2017-12-05 11:11:54.149373","0","3","24.2","0.4"
"2017-12-05 11:11:55.160767","0","4","24.3","0.46"
"2017-12-05 11:12:15.243366","4","0","-7.8","0.75"
"2017-12-05 11:12:16.251003","4","1","-7.8","0.6"
"2017-12-05 11:12:17.308717","4","2","-7.9","0.54"
"2017-12-05 11:12:18.367265","4","3","-7.9","0.3"
"2017-12-05 11:12:19.422649","4","4","-8.0","0.45"
"2017-12-05 11:13:09.367290","0","0","24.5","0.5"
"2017-12-05 11:13:10.432114","0","1","24.3","0.46"
"2017-12-05 11:13:11.485759","0","2","24.3","0.64"
"2017-12-05 11:13:12.537533","0","3","24.2","0.4"
"2017-12-05 11:13:13.590189","0","4","24.1","0.3"
"2017-12-05 11:13:33.488616","4","0","-7.9","0.54"
"2017-12-05 11:13:34.548208","4","1","-7.9","0.3"
"2017-12-05 11:13:35.600915","4","2","-8.1","0.54"
"2017-12-05 11:13:36.668347","4","3","-7.9","0.54"
"2017-12-05 11:13:37.722089","4","4","-8.2","0.75"
"2017-12-05 11:14:27.616524","0","0","24.4","0.49"
"2017-12-05 11:14:28.624245","0","1","24.2","0.4"
"2017-12-05 11:14:29.631842","0","2","24.1","0.3"
"2017-12-05 11:14:30.643552","0","3","24.4","0.49"
"2017-12-05 11:14:31.651060","0","4","24.4","0.49"
"2017-12-05 11:14:51.737540","4","0","-7.8","0.6"
"2017-12-05 11:14:52.745388","4","1","-8.0","0.45"
"2017-12-05 11:14:53.752753","4","2","-8.0","0.45"
"2017-12-05 11:14:54.764475","4","3","-8.0","0.0"
"2017-12-05 11:14:55.772239","4","4","-7.7","0.64"
"2017-12-05 11:15:45.853550","0","0","24.3","0.46"
"2017-12-05 11:15:46.865116","0","1","24.1","0.3"
"2017-12-05 11:15:47.872768","0","2","24.2","0.4"
"2017-12-05 11:15:48.884317","0","3","24.3","0.46"
"2017-12-05 11:15:49.892084","0","4","24.2","0.4"
"2017-12-05 11:16:09.978607","4","0","-7.8","0.75"
"2017-12-05 11:16:10.986319","4","1","-7.8","0.4"
"2017-12-05 11:16:11.997765","4","2","-7.8","0.75"
"2017-12-05 11:16:13.005386","4","3","-7.7","0.46"
"2017-12-05 11:16:14.017073","4","4","-7.6","0.8"
"2017-12-05 11:17:04.102583","0","0","24.3","0.46"
"2017-12-05 11:17:05.114204","0","1","24.3","0.46"
"2017-12-05 11:17:06.121751","0","2","24.3","0.46"
"2017-12-05 11:17:07.133438","0","3","24.5","0.5"
"2017-12-05 11:17:08.141302","0","4","24.3","0.46"
"2017-12-05 11:17:28.227520","4","0","-7.7","0.46"
"2017-12-05 11:17:29.235385","4","1","-7.9","0.54"
"2017-12-05 11:17:30.243154","4","2","-7.8","0.75"
"2017-12-05 11:17:31.254499","4","3","-8.0","0.45"
"2017-12-05 11:17:32.262355","4","4","-8.1","0.54"
"2017-12-05 11:18:22.351756","0","0","24.3","0.46"
"2017-12-05 11:18:23.359355","0","1","24.2","0.4"
"2017-12-05 11:18:24.370916","0","2","24.3","0.46"
"2017-12-05 11:18:25.378509","0","3","24.5","0.5"
"2017-12-05 11:18:26.386186","0","4","24.2","0.4"
"2017-12-05 11:18:46.468681","4","0","-8.0","0.63"
"2017-12-05 11:18:47.476516","4","1","-7.7","0.64"
"2017-12-05 11:18:48.487945","4","2","-8.1","0.54"
"2017-12-05 11:18:49.495720","4","3","-7.7","0.64"
"2017-12-05 11:18:50.507222","4","4","-8.0","0.45"
"2017-12-05 11:19:40.592728","0","0","24.5","0.5"
"2017-12-05 11:19:41.604276","0","1","24.3","0.46"
"2017-12-05 11:19:42.612007","0","2","24.0","0.0"
"2017-12-05 11:19:43.619552","0","3","24.4","0.49"
"2017-12-05 11:19:44.631326","0","4","24.3","0.46"
"2017-12-05 11:20:04.713874","4","0","-7.9","0.54"
"2017-12-05 11:20:05.725509","4","1","-7.7","0.46"
"2017-12-05 11:20:06.733173","4","2","-8.0","0.45"
"2017-12-05 11:20:07.744670","4","3","-8.2","0.4"
"2017-12-05 11:20:08.752251","4","4","-8.0","0.63"
"2017-12-05 11:20:58.837746","0","0","24.3","0.46"
"2017-12-05 11:20:59.849455","0","1","24.4","0.49"
"2017-12-05 11:21:00.856988","0","2","24.1","0.3"
"2017-12-05 11:21:01.864751","0","3","24.2","0.4"
"2017-12-05 11:21:02.876376","0","4","24.2","0.4"
"2017-12-05 11:21:22.958884","4","0","-7.7","0.46"
"2017-12-05 11:21:23.966349","4","1","-7.9","0.54"
"2017-12-05 11:21:24.978018","4","2","-8.0","0.63"
"2017-12-05 11:21:25.985815","4","3","-7.8","0.4"
"2017-12-05 11:21:26.997497","4","4","-8.1","0.3"
"2017-12-05 11:22:17.082841","0","0","24.4","0.49"
"2017-12-05 11:22:18.094511","0","1","24.1","0.3"
"2017-12-05 11:22:19.102209","0","2","24.1","0.3"
"2017-12-05 11:22:20.109890","0","3","24.2","0.4"
"2017-12-05 11:22:21.121378","0","4","24.1","0.3"
"2017-12-05 11:22:41.203757","4","0","-8.2","0.75"
"2017-12-05 11:22:42.211361","4","1","-7.9","0.54"
"2017-12-05 11:22:43.223053","4","2","-8.2","0.6"
"2017-12-05 11:22:44.230821","4","3","-7.7","0.46"
"2017-12-05 11:22:45.238421","4","4","-8.1","0.54"
"2017-12-05 11:23:35.323923","0","0","24.1","0.3"
"2017-12-05 11:23:36.335384","0","1","24.5","0.67"
"2017-12-05 11:23:37.343198","0","2","24.2","0.4"
"2017-12-05 11:23:38.354666","0","3","24.2","0.4"
"2017-12-05 11:23:39.362353","0","4","24.0","0.63"
"2017-12-05 11:23:59.448865","4","0","-7.9","0.54"
"2017-12-05 11:24:00.456607","4","1","-7.9","0.54"
"2017-12-05 11:24:01.468257","4","2","-8.1","0.7"
"2017-12-05 11:24:02.475899","4","3","-8.1","0.3"
"2017-12-05 11:24:03.483633","4","4","-7.9","0.3"
"2017-12-05 11:24:53.576976","0","0","24.4","0.49"
"2017-12-05 11:24:54.584512","0","1","24.4","0.49"
"2017-12-05 11:24:55.596324","0","2","24.1","0.54"
"2017-12-05 11:24:56.603914","0","3","24.3","0.46"
"2017-12-05 11:24:57.615429","0","4","24.2","0.4"
"2017-12-05 11:25:17.702359","4","0","-8.0","0.63"
"2017-12-05 11:25:18.709836","4","1","-7.8","0.4"
"2017-12-05 11:25:19.721445","4","2","-8.1","0.83"
"2017-12-05 11:25:20.728952","4","3","-7.8","0.4"
"2017-12-05 11:25:21.736704","4","4","-8.2","0.6"
"2017-12-05 11:26:11.826297","0","0","24.4","0.49"
"2017-12-05 11:26:12.837828","0","1","24.3","0.46"
"2017-12-05 11:26:13.845303","0","2","24.2","0.4"
"2017-12-05 11:26:14.852942","0","3","24.5","0.5"
"2017-12-05 11:26:15.864813","0","4","24.1","0.3"
"2017-12-05 11:26:35.951310","4","0","-7.8","0.4"
"2017-12-05 11:26:36.959011","4","1","-7.9","0.83"
"2017-12-05 11:26:37.970522","4","2","-7.9","0.54"
"2017-12-05 11:26:38.978070","4","3","-8.0","0.89"
"2017-12-05 11:26:39.985665","4","4","-7.8","0.4"
"2017-12-05 11:27:30.071340","0","0","24.3","0.46"
"2017-12-05 11:27:31.082904","0","1","24.3","0.46"
"2017-12-05 11:27:32.090363","0","2","24.4","0.49"
"2017-12-05 11:27:33.097960","0","3","24.4","0.49"
"2017-12-05 11:27:34.109909","0","4","24.0","0.45"
"2017-12-05 11:27:54.196308","4","0","-7.7","0.46"
"2017-12-05 11:27:55.204195","4","1","-8.0","0.45"
"2017-12-05 11:27:56.215690","4","2","-8.0","0.63"
"2017-12-05 11:27:57.223197","4","3","-7.9","0.3"
"2017-12-05 11:27:58.234844","4","4","-7.9","0.3"
"2017-12-05 11:28:48.324443","0","0","24.3","0.46"
"2017-12-05 11:28:49.336021","0","1","24.2","0.4"
"2017-12-05 11:28:50.343564","0","2","24.3","0.46"
"2017-12-05 11:28:51.351531","0","3","24.5","0.5"
"2017-12-05 11:28:52.362897","0","4","24.4","0.49"
"2017-12-05 11:29:12.441610","4","0","-8.0","0.0"
"2017-12-05 11:29:13.452978","4","1","-7.7","0.46"
"2017-12-05 11:29:14.460856","4","2","-8.6","0.66"
"2017-12-05 11:29:15.472385","4","3","-7.8","0.4"
"2017-12-05 11:29:16.480141","4","4","-8.0","0.45"
"2017-12-05 11:30:06.565619","0","0","24.3","0.46"
"2017-12-05 11:30:07.577011","0","1","24.4","0.49"
"2017-12-05 11:30:08.584558","0","2","24.1","0.3"
"2017-12-05 11:30:09.592305","0","3","24.5","0.5"
"2017-12-05 11:30:10.603986","0","4","24.1","0.3"
"2017-12-05 11:30:30.690816","4","0","-7.7","0.46"
"2017-12-05 11:30:31.702265","4","1","-8.1","0.3"
"2017-12-05 11:30:32.710028","4","2","-8.0","0.0"
"2017-12-05 11:30:33.721449","4","3","-8.2","0.98"
"2017-12-05 11:30:34.729060","4","4","-8.0","0.45"
"2017-12-05 11:31:24.814528","0","0","24.2","0.4"
"2017-12-05 11:31:25.822205","0","1","24.0","0.0"
"2017-12-05 11:31:26.833702","0","2","24.2","0.4"
"2017-12-05 11:31:27.841390","0","3","24.4","0.49"
"2017-12-05 11:31:28.849104","0","4","24.1","0.3"
"2017-12-05 11:31:48.931739","4","0","-8.1","0.54"
"2017-12-05 11:31:49.943424","4","1","-7.9","0.54"
"2017-12-05 11:31:50.950809","4","2","-8.0","0.45"
"2017-12-05 11:31:51.962491","4","3","-8.1","0.3"
"2017-12-05 11:31:52.970088","4","4","-7.7","0.64"
"2017-12-05 11:32:43.055622","0","0","24.4","0.66"
"2017-12-05 11:32:44.067244","0","1","24.5","0.5"
"2017-12-05 11:32:45.074943","0","2","24.0","0.0"
"2017-12-05 11:32:46.082460","0","3","24.4","0.49"
"2017-12-05 11:32:47.093997","0","4","24.2","0.4"
"2017-12-05 11:33:07.176772","4","0","-7.8","0.4"
"2017-12-05 11:33:08.188197","4","1","-7.8","0.6"
"2017-12-05 11:33:09.213365","4","2","-7.7","0.46"
"2017-12-05 11:33:10.203168","4","3","-8.1","0.3"
"2017-12-05 11:33:11.215273","4","4","-7.9","0.54"
"2017-12-05 11:34:01.300624","0","0","24.2","0.4"
"2017-12-05 11:34:02.684456","0","1","24.3","0.46"
"2017-12-05 11:34:03.681076","0","2","24.2","0.4"
"2017-12-05 11:34:04.717869","0","3","24.3","0.46"
"2017-12-05 11:34:05.722790","0","4","24.1","0.3"
"2017-12-05 11:34:25.430018","4","0","-7.7","0.64"
"2017-12-05 11:34:26.437561","4","1","-7.7","0.46"
"2017-12-05 11:34:27.448780","4","2","-7.9","0.54"
"2017-12-05 11:34:28.456383","4","3","-7.8","0.6"
"2017-12-05 11:34:29.468075","4","4","-7.9","0.54"
"2017-12-05 11:35:19.558009","0","0","24.6","0.49"
"2017-12-05 11:35:20.565226","0","1","24.4","0.49"
"2017-12-05 11:35:21.577334","0","2","24.4","0.49"
"2017-12-05 11:35:22.584874","0","3","24.5","0.5"
"2017-12-05 11:35:23.596448","0","4","24.3","0.46"
"2017-12-05 11:35:43.675218","4","0","-8.1","0.54"
"2017-12-05 11:35:44.686524","4","1","-8.2","0.4"
"2017-12-05 11:35:45.694326","4","2","-7.7","0.46"
"2017-12-05 11:35:46.705558","4","3","-7.8","0.4"
"2017-12-05 11:35:47.713209","4","4","-7.9","0.54"
"2017-12-05 11:36:37.807012","0","0","24.7","0.46"
"2017-12-05 11:36:38.826514","0","1","24.5","0.5"
"2017-12-05 11:36:39.826088","0","2","24.4","0.49"
"2017-12-05 11:36:40.833692","0","3","24.4","0.49"
"2017-12-05 11:36:41.868621","0","4","24.4","0.49"
"2017-12-05 11:37:01.932434","4","0","-8.1","0.54"
"2017-12-05 11:37:02.943864","4","1","-8.1","0.54"
"2017-12-05 11:37:03.951197","4","2","-7.9","0.54"
"2017-12-05 11:37:04.963228","4","3","-7.9","0.54"
"2017-12-05 11:37:05.970846","4","4","-8.1","0.54"
"2017-12-05 11:37:56.060550","0","0","24.6","0.49"
"2017-12-05 11:37:57.072201","0","1","24.1","0.54"
"2017-12-05 11:37:58.079958","0","2","24.3","0.46"
"2017-12-05 11:37:59.091237","0","3","24.2","0.75"
"2017-12-05 11:38:00.098611","0","4","24.2","0.6"
"2017-12-05 11:38:20.185683","4","0","-8.0","0.63"
"2017-12-05 11:38:21.197219","4","1","-7.9","0.3"
"2017-12-05 11:38:22.204815","4","2","-8.1","0.3"
"2017-12-05 11:38:23.212507","4","3","-7.7","0.46"
"2017-12-05 11:38:24.224022","4","4","-7.9","0.3"
"2017-12-05 11:39:14.317766","0","0","24.4","0.49"
"2017-12-05 11:39:15.324994","0","1","24.5","0.5"
"2017-12-05 11:39:16.336920","0","2","24.1","0.3"
"2017-12-05 11:39:17.344518","0","3","24.3","0.46"
"2017-12-05 11:39:18.356145","0","4","24.3","0.46"
"2017-12-05 11:39:38.442820","4","0","-7.9","0.3"
"2017-12-05 11:39:39.450405","4","1","-8.0","0.63"
"2017-12-05 11:39:40.458067","4","2","-7.7","0.64"
"2017-12-05 11:39:41.469959","4","3","-7.8","0.4"
"2017-12-05 11:39:42.477638","4","4","-8.1","0.54"
"2017-12-05 11:40:32.566917","0","0","24.3","0.46"
"2017-12-05 11:40:33.574099","0","1","24.4","0.49"
"2017-12-05 11:40:34.586044","0","2","24.4","0.49"
"2017-12-05 11:40:35.593975","0","3","24.1","0.54"
"2017-12-05 11:40:36.605443","0","4","24.2","0.4"
"2017-12-05 11:40:56.695939","4","0","-8.0","0.45"
"2017-12-05 11:40:57.703556","4","1","-7.6","0.66"
"2017-12-05 11:40:58.711355","4","2","-8.0","0.0"
"2017-12-05 11:40:59.723139","4","3","-7.8","0.6"
"2017-12-05 11:41:00.730750","4","4","-7.9","0.3"
"2017-12-05 11:41:50.820374","0","0","24.2","0.4"
"2017-12-05 11:41:51.831790","0","1","24.4","0.49"
"2017-12-05 11:41:52.839347","0","2","24.4","0.49"
"2017-12-05 11:41:53.850999","0","3","24.7","0.46"
"2017-12-05 11:41:54.858595","0","4","24.3","0.46"
"2017-12-05 11:42:14.949394","4","0","-8.0","0.77"
"2017-12-05 11:42:15.957046","4","1","-7.8","0.6"
"2017-12-05 11:42:16.964232","4","2","-7.7","0.46"
"2017-12-05 11:42:17.976411","4","3","-7.7","0.46"
"2017-12-05 11:42:18.983848","4","4","-7.8","0.6"
"2017-12-05 11:43:09.077645","0","0","24.4","0.49"
"2017-12-05 11:43:10.084790","0","1","24.1","0.3"
"2017-12-05 11:43:11.096838","0","2","24.5","0.5"
"2017-12-05 11:43:12.104283","0","3","24.3","0.46"
"2017-12-05 11:43:13.116123","0","4","24.3","0.46"
"2017-12-05 11:43:33.194624","4","0","-8.3","0.78"
"2017-12-05 11:43:34.206131","4","1","-8.0","0.45"
"2017-12-05 11:43:35.213749","4","2","-8.0","0.45"
"2017-12-05 11:43:36.221628","4","3","-7.8","0.4"
"2017-12-05 11:43:37.232936","4","4","-8.0","0.45"
"2017-12-05 11:44:27.322651","0","0","24.3","0.46"
"2017-12-05 11:44:28.334065","0","1","24.2","0.4"
"2017-12-05 11:44:29.341930","0","2","24.5","0.5"
"2017-12-05 11:44:30.353604","0","3","24.4","0.49"
"2017-12-05 11:44:31.361157","0","4","24.1","0.3"
"2017-12-05 11:44:51.447973","4","0","-8.3","0.46"
"2017-12-05 11:44:52.459028","4","1","-7.8","0.4"
"2017-12-05 11:44:53.467043","4","2","-8.0","0.45"
"2017-12-05 11:44:54.478562","4","3","-7.9","0.54"
"2017-12-05 11:44:55.486396","4","4","-8.0","0.63"
"2017-12-05 11:45:45.575873","0","0","24.5","0.5"
"2017-12-05 11:45:46.587465","0","1","24.8","0.6"
"2017-12-05 11:45:47.595007","0","2","24.2","0.4"
"2017-12-05 11:45:48.602935","0","3","24.2","0.4"
"2017-12-05 11:45:49.614413","0","4","24.1","0.3"
"2017-12-05 11:46:09.700946","4","0","-7.7","0.46"
"2017-12-05 11:46:10.708537","4","1","-7.9","0.7"
"2017-12-05 11:46:11.716294","4","2","-7.9","0.7"
"2017-12-05 11:46:12.727893","4","3","-7.8","0.4"
"2017-12-05 11:46:13.735755","4","4","-8.2","0.6"
"2017-12-05 11:47:03.828881","0","0","24.1","0.3"
"2017-12-05 11:47:04.836309","0","1","24.5","0.5"
"2017-12-05 11:47:05.844475","0","2","24.4","0.49"
"2017-12-05 11:47:06.855780","0","3","24.4","0.49"
"2017-12-05 11:47:07.863499","0","4","24.1","0.3"
"2017-12-05 11:47:27.954250","4","0","-7.9","0.54"
"2017-12-05 11:47:28.961815","4","1","-8.1","0.3"
"2017-12-05 11:47:29.969442","4","2","-8.2","0.4"
"2017-12-05 11:47:31.017361","4","3","-7.9","0.54"
"2017-12-05 11:47:31.988986","4","4","-8.1","0.54"
"2017-12-05 11:48:22.078144","0","0","24.4","0.49"
"2017-12-05 11:48:23.085878","0","1","24.5","0.5"
"2017-12-05 11:48:24.093473","0","2","24.1","0.3"
"2017-12-05 11:48:25.105050","0","3","24.4","0.49"
"2017-12-05 11:48:26.112680","0","4","24.3","0.46"
"2017-12-05 11:48:46.195371","4","0","-7.9","0.3"
"2017-12-05 11:48:47.206832","4","1","-7.9","0.54"
"2017-12-05 11:48:48.214530","4","2","-7.9","0.3"
"2017-12-05 11:48:49.226252","4","3","-7.9","0.54"
"2017-12-05 11:48:50.233638","4","4","-8.3","1.0"
"2017-12-05 11:49:40.323437","0","0","24.5","0.5"
"2017-12-05 11:49:41.330795","0","1","24.4","0.49"
"2017-12-05 11:49:42.342608","0","2","24.4","0.49"
"2017-12-05 11:49:43.350450","0","3","24.2","0.4"
"2017-12-05 11:49:44.361824","0","4","24.5","0.5"
"2017-12-05 11:50:04.448586","4","0","-7.9","0.3"
"2017-12-05 11:50:05.460255","4","1","-7.9","0.3"
"2017-12-05 11:50:06.467436","4","2","-7.9","0.3"
"2017-12-05 11:50:07.479314","4","3","-7.9","0.54"
"2017-12-05 11:50:08.486957","4","4","-7.9","0.54"
"2017-12-05 11:50:58.576606","0","0","24.2","0.4"
"2017-12-05 11:50:59.584258","0","1","24.3","0.46"
"2017-12-05 11:51:00.595647","0","2","24.3","0.46"
"2017-12-05 11:51:01.603410","0","3","24.2","0.4"
"2017-12-05 11:51:02.615056","0","4","24.1","0.3"
"2017-12-05 11:51:22.701929","4","0","-7.8","0.6"
"2017-12-05 11:51:23.713458","4","1","-8.0","0.63"
"2017-12-05 11:51:24.720939","4","2","-8.0","0.77"
"2017-12-05 11:51:25.732717","4","3","-7.9","0.54"
"2017-12-05 11:51:26.740349","4","4","-7.8","0.6"
"2017-12-05 11:52:16.829832","0","0","24.2","0.4"
"2017-12-05 11:52:17.837072","0","1","24.5","0.5"
"2017-12-05 11:52:18.848989","0","2","24.2","0.4"
"2017-12-05 11:52:19.856700","0","3","24.2","0.4"
"2017-12-05 11:52:20.864465","0","4","24.0","0.0"
"2017-12-05 11:52:40.950780","4","0","-7.8","0.4"
"2017-12-05 11:52:41.958431","4","1","-8.1","0.3"
"2017-12-05 11:52:42.965882","4","2","-8.1","0.7"
"2017-12-05 11:52:43.977964","4","3","-7.9","0.54"
"2017-12-05 11:52:44.985586","4","4","-8.1","0.54"
"2017-12-05 11:53:35.074920","0","0","24.2","0.4"
"2017-12-05 11:53:36.082537","0","1","24.1","0.3"
"2017-12-05 11:53:37.094158","0","2","24.3","0.46"
"2017-12-05 11:53:38.101876","0","3","24.4","0.49"
"2017-12-05 11:53:39.109636","0","4","24.5","0.5"
"2017-12-05 11:53:59.196034","4","0","-8.1","0.83"
"2017-12-05 11:54:00.203527","4","1","-7.9","0.54"
"2017-12-05 11:54:01.215099","4","2","-8.1","0.3"
"2017-12-05 11:54:02.222856","4","3","-8.0","0.45"
"2017-12-05 11:54:03.234534","4","4","-8.0","0.45"
"2017-12-05 11:54:53.320023","0","0","24.3","0.46"
"2017-12-05 11:54:54.331494","0","1","24.4","0.49"
"2017-12-05 11:54:55.339172","0","2","24.2","0.4"
"2017-12-05 11:54:56.350910","0","3","24.2","0.4"
"2017-12-05 11:54:57.358426","0","4","24.2","0.4"
"2017-12-05 11:55:17.445280","4","0","-8.2","0.75"
"2017-12-05 11:55:18.456806","4","1","-8.1","0.3"
"2017-12-05 11:55:19.464563","4","2","-7.7","0.46"
"2017-12-05 11:55:20.476177","4","3","-7.9","0.7"
"2017-12-05 11:55:21.483692","4","4","-8.2","0.6"
"2017-12-05 11:56:11.573391","0","0","24.3","0.46"
"2017-12-05 11:56:12.580685","0","1","24.1","0.3"
"2017-12-05 11:56:13.592683","0","2","24.1","0.3"
"2017-12-05 11:56:14.600011","0","3","24.2","0.4"
"2017-12-05 11:56:15.611543","0","4","24.5","0.5"
"2017-12-05 11:56:35.694338","4","0","-7.7","0.46"
"2017-12-05 11:56:36.701832","4","1","-7.8","0.6"
"2017-12-05 11:56:37.713505","4","2","-8.0","0.77"
"2017-12-05 11:56:38.721070","4","3","-8.0","0.45"
"2017-12-05 11:56:39.732827","4","4","-8.0","0.45"
"2017-12-05 11:57:29.818355","0","0","24.5","0.5"
"2017-12-05 11:57:30.829870","0","1","24.1","0.3"
"2017-12-05 11:57:31.837547","0","2","24.4","0.49"
"2017-12-05 11:57:32.845254","0","3","24.3","0.46"
"2017-12-05 11:57:33.857062","0","4","24.0","0.0"
"2017-12-05 11:57:53.943370","4","0","-8.1","0.54"
"2017-12-05 11:57:54.950946","4","1","-7.9","0.54"
"2017-12-05 11:57:55.962733","4","2","-8.2","0.6"
"2017-12-05 11:57:56.970322","4","3","-7.7","0.64"
"2017-12-05 11:57:57.982106","4","4","-7.5","0.92"
"2017-12-05 11:58:48.067397","0","0","24.2","0.4"
"2017-12-05 11:58:49.074967","0","1","24.2","0.4"
"2017-12-05 11:58:50.082574","0","2","24.3","0.46"
"2017-12-05 11:58:51.094180","0","3","24.1","0.3"
"2017-12-05 11:58:52.101841","0","4","24.1","0.3"
"2017-12-05 11:59:12.184519","4","0","-7.8","0.75"
"2017-12-05 11:59:13.195874","4","1","-8.1","0.54"
"2017-12-05 11:59:14.203666","4","2","-7.8","0.4"
"2017-12-05 11:59:15.211270","4","3","-7.8","0.6"
"2017-12-05 11:59:16.223167","4","4","-8.0","0.63"
"2017-12-05 12:00:06.304446","0","0","24.4","0.49"
"2017-12-05 12:00:07.316009","0","1","24.3","0.46"
"2017-12-05 12:00:08.323623","0","2","24.4","0.49"
"2017-12-05 12:00:09.335153","0","3","24.2","0.4"
"2017-12-05 12:00:10.343015","0","4","24.0","0.0"
"2017-12-05 12:00:30.421482","4","0","-7.8","0.4"
"2017-12-05 12:00:31.432872","4","1","-8.0","0.45"
"2017-12-05 12:00:32.440456","4","2","-8.0","0.45"
"2017-12-05 12:00:33.448134","4","3","-8.0","0.45"
"2017-12-05 12:00:34.459776","4","4","-8.0","0.45"
"2017-12-05 12:01:24.553700","0","0","24.3","0.46"
"2017-12-05 12:01:25.565031","0","1","24.2","0.4"
"2017-12-05 12:01:26.572672","0","2","24.3","0.46"
"2017-12-05 12:01:27.584420","0","3","24.2","0.4"
"2017-12-05 12:01:28.592083","0","4","24.1","0.3"
"2017-12-05 12:01:48.682794","4","0","-8.0","0.45"
"2017-12-05 12:01:49.690348","4","1","-8.2","0.6"
"2017-12-05 12:01:50.702019","4","2","-7.7","0.46"
"2017-12-05 12:01:51.709555","4","3","-8.1","0.54"
"2017-12-05 12:01:52.717350","4","4","-7.5","0.5"
"2017-12-05 12:02:42.806800","0","0","24.3","0.46"
"2017-12-05 12:02:43.818282","0","1","24.2","0.4"
"2017-12-05 12:02:44.825851","0","2","24.3","0.46"
"2017-12-05 12:02:45.837658","0","3","24.5","0.5"
"2017-12-05 12:02:46.845251","0","4","24.3","0.46"
"2017-12-05 12:03:06.931897","4","0","-8.0","0.45"
"2017-12-05 12:03:07.939131","4","1","-8.0","0.45"
"2017-12-05 12:03:08.947074","4","2","-8.2","0.4"
"2017-12-05 12:03:09.958704","4","3","-7.9","0.3"
"2017-12-05 12:03:10.966335","4","4","-7.7","0.46"
"2017-12-05 12:04:01.055896","0","0","24.2","0.4"
"2017-12-05 12:04:02.063649","0","1","24.2","0.4"
"2017-12-05 12:04:03.075111","0","2","24.3","0.46"
"2017-12-05 12:04:04.082953","0","3","24.2","0.4"
"2017-12-05 12:04:05.094543","0","4","24.3","0.46"
"2017-12-05 12:04:25.177063","4","0","-8.0","0.45"
"2017-12-05 12:04:26.184701","4","1","-8.0","0.0"
"2017-12-05 12:04:27.196106","4","2","-7.9","0.3"
"2017-12-05 12:04:28.203794","4","3","-7.9","0.7"
"2017-12-05 12:04:29.215505","4","4","-7.9","0.3"
"2017-12-05 12:05:19.301106","0","0","24.5","0.5"
"2017-12-05 12:05:20.308704","0","1","24.4","0.49"
"2017-12-05 12:05:21.320223","0","2","24.3","0.46"
"2017-12-05 12:05:22.327779","0","3","24.4","0.49"
"2017-12-05 12:05:23.339482","0","4","24.3","0.46"
"2017-12-05 12:05:43.426121","4","0","-8.0","0.45"
"2017-12-05 12:05:44.434006","4","1","-8.0","0.0"
"2017-12-05 12:05:45.445480","4","2","-7.7","0.78"
"2017-12-05 12:05:46.452968","4","3","-8.0","0.45"
"2017-12-05 12:05:47.464563","4","4","-8.0","0.63"
"2017-12-05 12:06:37.550268","0","0","24.4","0.49"
"2017-12-05 12:06:38.557932","0","1","24.3","0.46"
"2017-12-05 12:06:39.569375","0","2","24.4","0.49"
"2017-12-05 12:06:40.576921","0","3","24.2","0.4"
"2017-12-05 12:06:41.588681","0","4","24.4","0.49"
"2017-12-05 12:07:01.671355","4","0","-7.8","0.75"
"2017-12-05 12:07:02.682734","4","1","-8.1","0.7"
"2017-12-05 12:07:03.690557","4","2","-7.8","0.6"
"2017-12-05 12:07:04.702032","4","3","-7.7","0.64"
"2017-12-05 12:07:05.709610","4","4","-8.1","0.54"
"2017-12-05 12:07:55.795096","0","0","24.2","0.4"
"2017-12-05 12:07:56.802662","0","1","24.2","0.4"
"2017-12-05 12:07:57.814380","0","2","24.2","0.4"
"2017-12-05 12:07:58.821985","0","3","24.4","0.49"
"2017-12-05 12:07:59.829569","0","4","24.2","0.4"
"2017-12-05 12:08:19.916314","4","0","-7.9","0.54"
"2017-12-05 12:08:20.923831","4","1","-8.0","0.45"
"2017-12-05 12:08:21.935492","4","2","-8.1","0.54"
"2017-12-05 12:08:22.943041","4","3","-7.7","0.64"
"2017-12-05 12:08:23.954711","4","4","-7.9","0.3"
"2017-12-05 12:09:14.044291","0","0","24.1","0.3"
"2017-12-05 12:09:15.051895","0","1","24.2","0.4"
"2017-12-05 12:09:16.063505","0","2","24.4","0.49"
"2017-12-05 12:09:17.071115","0","3","24.3","0.46"
"2017-12-05 12:09:18.078839","0","4","24.1","0.54"
"2017-12-05 12:09:38.161577","4","0","-8.0","0.63"
"2017-12-05 12:09:39.168800","4","1","-8.0","0.45"
"2017-12-05 12:09:40.180560","4","2","-8.2","0.4"
"2017-12-05 12:09:41.188157","4","3","-8.1","0.7"
"2017-12-05 12:09:42.199835","4","4","-8.2","0.4"
"2017-12-05 12:10:32.285507","0","0","24.2","0.4"
"2017-12-05 12:10:33.296978","0","1","24.4","0.49"
"2017-12-05 12:10:34.304559","0","2","24.5","0.5"
"2017-12-05 12:10:35.312224","0","3","24.1","0.3"
"2017-12-05 12:10:36.323986","0","4","24.1","0.3"
"2017-12-05 12:10:56.402523","4","0","-7.7","0.46"
"2017-12-05 12:10:57.413947","4","1","-8.1","0.7"
"2017-12-05 12:10:58.421541","4","2","-8.2","0.98"
"2017-12-05 12:10:59.433296","4","3","-8.2","0.6"
"2017-12-05 12:11:00.441035","4","4","-7.8","0.6"
"2017-12-05 12:11:50.530561","0","0","24.3","0.46"
"2017-12-05 12:11:51.541615","0","1","24.2","0.4"
"2017-12-05 12:11:52.549693","0","2","24.4","0.49"
"2017-12-05 12:11:53.561434","0","3","24.4","0.49"
"2017-12-05 12:11:54.569058","0","4","24.2","0.4"
"2017-12-05 12:12:14.659803","4","0","-7.7","0.46"
"2017-12-05 12:12:15.666972","4","1","-8.0","0.77"
"2017-12-05 12:12:16.678789","4","2","-7.6","0.49"
"2017-12-05 12:12:17.686533","4","3","-8.0","0.63"
"2017-12-05 12:12:18.698182","4","4","-7.6","0.49"
"2017-12-05 12:13:08.787755","0","0","24.3","0.46"
"2017-12-05 12:13:09.795000","0","1","24.4","0.49"
"2017-12-05 12:13:10.807009","0","2","24.3","0.46"
"2017-12-05 12:13:11.814536","0","3","24.1","0.3"
"2017-12-05 12:13:12.822164","0","4","24.0","0.0"
"2017-12-05 12:13:32.912915","4","0","-7.9","0.7"
"2017-12-05 12:13:33.920175","4","1","-7.8","0.6"
"2017-12-05 12:13:34.928150","4","2","-8.0","0.45"
"2017-12-05 12:13:35.939998","4","3","-8.0","0.0"
"2017-12-05 12:13:36.947237","4","4","-8.1","0.54"
"2017-12-05 12:14:27.036968","0","0","24.2","0.4"
"2017-12-05 12:14:28.048483","0","1","24.3","0.46"
"2017-12-05 12:14:29.056197","0","2","24.4","0.49"
"2017-12-05 12:14:30.063622","0","3","24.4","0.49"
"2017-12-05 12:14:31.075572","0","4","24.3","0.64"
"2017-12-05 12:14:51.161976","4","0","-7.8","0.4"
"2017-12-05 12:14:52.169691","4","1","-8.0","0.45"
"2017-12-05 12:14:53.181453","4","2","-7.9","0.3"
"2017-12-05 12:14:54.189071","4","3","-8.1","0.3"
"2017-12-05 12:14:55.196435","4","4","-7.9","0.54"
"2017-12-05 12:15:45.286104","0","0","24.3","0.46"
"2017-12-05 12:15:46.293319","0","1","24.3","0.46"
"2017-12-05 12:15:47.305164","0","2","24.2","0.4"
"2017-12-05 12:15:48.312811","0","3","24.3","0.46"
"2017-12-05 12:15:49.320532","0","4","24.5","0.5"
"2017-12-05 12:16:09.411244","4","0","-7.9","0.7"
"2017-12-05 12:16:10.418828","4","1","-8.1","0.83"
"2017-12-05 12:16:11.426367","4","2","-8.1","0.54"
"2017-12-05 12:16:12.438321","4","3","-8.0","0.45"
"2017-12-05 12:16:13.446001","4","4","-7.9","0.54"
"2017-12-05 12:17:03.539415","0","0","24.6","0.49"
"2017-12-05 12:17:04.547043","0","1","24.4","0.49"
"2017-12-05 12:17:05.558560","0","2","24.4","0.49"
"2017-12-05 12:17:06.566120","0","3","24.3","0.46"
"2017-12-05 12:17:07.577902","0","4","24.1","0.7"
"2017-12-05 12:17:27.660578","4","0","-7.8","0.87"
"2017-12-05 12:17:28.672047","4","1","-7.9","0.3"
"2017-12-05 12:17:29.679626","4","2","-7.9","0.54"
"2017-12-05 12:17:30.687249","4","3","-8.1","0.94"
"2017-12-05 12:17:31.699067","4","4","-7.8","0.6"
"2017-12-05 12:18:21.788587","0","0","24.3","0.46"
"2017-12-05 12:18:22.800166","0","1","24.3","0.46"
"2017-12-05 12:18:23.807656","0","2","24.6","0.49"
"2017-12-05 12:18:24.819266","0","3","24.0","0.45"
"2017-12-05 12:18:25.827020","0","4","24.2","0.4"
"2017-12-05 12:18:45.909679","4","0","-7.9","0.3"
"2017-12-05 12:18:46.921120","4","1","-7.8","0.6"
"2017-12-05 12:18:47.928863","4","2","-8.0","0.63"
"2017-12-05 12:18:48.936393","4","3","-8.2","0.6"
"2017-12-05 12:18:49.948224","4","4","-7.9","0.54"
"2017-12-05 12:19:40.037610","0","0","24.2","0.4"
"2017-12-05 12:19:41.045165","0","1","24.6","0.49"
"2017-12-05 12:19:42.056887","0","2","24.3","0.46"
"2017-12-05 12:19:43.064529","0","3","24.2","0.4"
"2017-12-05 12:19:44.076073","0","4","24.3","0.46"
"2017-12-05 12:20:04.158953","4","0","-8.1","0.54"
"2017-12-05 12:20:05.170402","4","1","-7.9","0.3"
"2017-12-05 12:20:06.177950","4","2","-7.7","0.46"
"2017-12-05 12:20:07.189763","4","3","-8.1","0.54"
"2017-12-05 12:20:08.197310","4","4","-7.6","0.49"
"2017-12-05 12:20:58.286918","0","0","24.4","0.49"
"2017-12-05 12:20:59.294619","0","1","24.4","0.49"
"2017-12-05 12:21:00.306160","0","2","24.0","0.0"
"2017-12-05 12:21:01.313806","0","3","24.4","0.49"
"2017-12-05 12:21:02.325216","0","4","24.3","0.64"
"2017-12-05 12:21:22.404031","4","0","-7.7","0.46"
"2017-12-05 12:21:23.415223","4","1","-7.8","0.4"
"2017-12-05 12:21:24.423214","4","2","-8.1","0.94"
"2017-12-05 12:21:25.434449","4","3","-7.8","0.75"
"2017-12-05 12:21:26.442366","4","4","-7.5","0.67"
"2017-12-05 12:22:16.527745","0","0","24.5","0.5"
"2017-12-05 12:22:17.535053","0","1","24.4","0.49"
"2017-12-05 12:22:18.543054","0","2","24.2","0.4"
"2017-12-05 12:22:19.554757","0","3","24.4","0.49"
"2017-12-05 12:22:20.562212","0","4","24.2","0.4"
"2017-12-05 12:22:40.649031","4","0","-7.8","0.4"
"2017-12-05 12:22:41.660488","4","1","-7.9","0.54"
"2017-12-05 12:22:42.668209","4","2","-8.0","0.45"
"2017-12-05 12:22:43.679867","4","3","-7.9","0.3"
"2017-12-05 12:22:44.687341","4","4","-7.6","0.49"
"2017-12-05 12:23:34.773025","0","0","24.4","0.49"
"2017-12-05 12:23:35.784484","0","1","24.4","0.49"
"2017-12-05 12:23:36.791768","0","2","24.4","0.49"
"2017-12-05 12:23:37.803714","0","3","24.1","0.3"
"2017-12-05 12:23:38.811418","0","4","24.3","0.46"
"2017-12-05 12:23:58.897940","4","0","-7.9","0.54"
"2017-12-05 12:23:59.905440","4","1","-8.0","0.63"
"2017-12-05 12:24:00.917317","4","2","-7.9","0.7"
"2017-12-05 12:24:01.924972","4","3","-7.9","0.54"
"2017-12-05 12:24:02.936663","4","4","-7.8","0.6"
"2017-12-05 12:24:53.022059","0","0","24.1","0.3"
"2017-12-05 12:24:54.029786","0","1","24.1","0.3"
"2017-12-05 12:24:55.041460","0","2","24.2","0.4"
"2017-12-05 12:24:56.048885","0","3","24.4","0.49"
"2017-12-05 12:24:57.060511","0","4","24.3","0.64"
"2017-12-05 12:25:17.143354","4","0","-7.9","0.54"
"2017-12-05 12:25:18.154656","4","1","-8.2","0.4"
"2017-12-05 12:25:19.162334","4","2","-8.1","0.83"
"2017-12-05 12:25:20.174014","4","3","-7.9","0.3"
"2017-12-05 12:25:21.181642","4","4","-7.9","1.14"
"2017-12-05 12:26:11.271184","0","0","24.2","0.4"
"2017-12-05 12:26:12.278948","0","1","24.4","0.49"
"2017-12-05 12:26:13.286397","0","2","24.5","0.5"
"2017-12-05 12:26:14.297987","0","3","24.6","0.49"
"2017-12-05 12:26:15.305632","0","4","24.3","0.46"
"2017-12-05 12:26:35.384317","4","0","-7.9","0.3"
"2017-12-05 12:26:36.395673","4","1","-7.8","0.75"
"2017-12-05 12:26:37.403330","4","2","-7.8","0.6"
"2017-12-05 12:26:38.415054","4","3","-7.9","0.54"
"2017-12-05 12:26:39.422666","4","4","-7.7","0.46"
"2017-12-05 12:27:29.512312","0","0","24.3","0.46"
"2017-12-05 12:27:30.524025","0","1","24.3","0.46"
"2017-12-05 12:27:31.531695","0","2","24.2","0.6"
"2017-12-05 12:27:32.539043","0","3","24.4","0.49"
"2017-12-05 12:27:33.551036","0","4","24.3","0.46"
"2017-12-05 12:27:53.637534","4","0","-7.9","0.54"
"2017-12-05 12:27:54.649104","4","1","-8.0","0.63"
"2017-12-05 12:27:55.656842","4","2","-7.9","0.7"
"2017-12-05 12:27:56.668284","4","3","-7.9","0.3"
"2017-12-05 12:27:57.676046","4","4","-7.9","0.7"
"2017-12-05 12:28:47.769575","0","0","24.2","0.4"
"2017-12-05 12:28:48.777327","0","1","24.4","0.49"
"2017-12-05 12:28:49.784859","0","2","24.4","0.49"
"2017-12-05 12:28:50.796599","0","3","24.1","0.3"
"2017-12-05 12:28:51.804333","0","4","24.1","0.3"
"2017-12-05 12:29:11.894737","4","0","-7.9","0.3"
"2017-12-05 12:29:12.906359","4","1","-7.8","0.4"
"2017-12-05 12:29:13.913887","4","2","-7.9","0.54"
"2017-12-05 12:29:14.921662","4","3","-7.8","0.6"
"2017-12-05 12:29:15.933334","4","4","-7.9","0.7"
"2017-12-05 12:30:06.018802","0","0","24.6","0.49"
"2017-12-05 12:30:07.026447","0","1","24.5","0.5"
"2017-12-05 12:30:08.037927","0","2","24.2","0.4"
"2017-12-05 12:30:09.045737","0","3","24.2","0.4"
"2017-12-05 12:30:10.057423","0","4","24.2","0.4"
"2017-12-05 12:30:30.144053","4","0","-7.8","0.4"
"2017-12-05 12:30:31.151703","4","1","-7.8","0.6"
"2017-12-05 12:30:32.163237","4","2","-8.0","0.77"
"2017-12-05 12:30:33.170976","4","3","-7.8","0.4"
"2017-12-05 12:30:34.182471","4","4","-7.6","0.8"
"2017-12-05 12:31:24.271996","0","0","24.2","0.4"
"2017-12-05 12:31:25.279644","0","1","24.5","0.5"
"2017-12-05 12:31:26.291321","0","2","24.1","0.3"
"2017-12-05 12:31:27.299039","0","3","24.5","0.5"
"2017-12-05 12:31:28.306742","0","4","24.4","0.49"
"2017-12-05 12:31:48.393026","4","0","-8.0","0.0"
"2017-12-05 12:31:49.400857","4","1","-7.9","0.54"
"2017-12-05 12:31:50.408432","4","2","-7.7","0.64"
"2017-12-05 12:31:51.419707","4","3","-8.1","0.83"
"2017-12-05 12:31:52.427584","4","4","-8.0","0.63"
"2017-12-05 12:32:42.521288","0","0","24.2","0.4"
"2017-12-05 12:32:43.528827","0","1","24.2","0.4"
"2017-12-05 12:32:44.536492","0","2","24.3","0.46"
"2017-12-05 12:32:45.548005","0","3","24.2","0.4"
"2017-12-05 12:32:46.555849","0","4","24.3","0.46"
"2017-12-05 12:33:06.642257","4","0","-7.9","0.7"
"2017-12-05 12:33:07.649957","4","1","-7.7","0.64"
"2017-12-05 12:33:08.657397","4","2","-7.8","0.75"
"2017-12-05 12:33:09.669361","4","3","-8.0","0.77"
"2017-12-05 12:33:10.676685","4","4","-8.1","0.54"
"2017-12-05 12:34:00.762304","0","0","24.3","0.46"
"2017-12-05 12:34:01.773795","0","1","24.3","0.46"
"2017-12-05 12:34:02.781562","0","2","24.3","0.46"
"2017-12-05 12:34:03.793135","0","3","24.2","0.4"
"2017-12-05 12:34:04.800759","0","4","24.3","0.46"
"2017-12-05 12:34:24.887380","4","0","-7.9","0.3"
"2017-12-05 12:34:25.895125","4","1","-7.7","0.46"
"2017-12-05 12:34:26.906581","4","2","-7.8","0.6"
"2017-12-05 12:34:27.914343","4","3","-7.7","0.46"
"2017-12-05 12:34:28.925950","4","4","-8.1","0.54"
"2017-12-05 12:35:19.015478","0","0","24.3","0.46"
"2017-12-05 12:35:20.022973","0","1","24.3","0.46"
"2017-12-05 12:35:21.034814","0","2","24.1","0.3"
"2017-12-05 12:35:22.042503","0","3","24.3","0.46"
"2017-12-05 12:35:23.054003","0","4","24.2","0.6"
"2017-12-05 12:35:43.144668","4","0","-8.1","0.3"
"2017-12-05 12:35:44.152379","4","1","-8.0","0.63"
"2017-12-05 12:35:45.159986","4","2","-7.9","0.7"
"2017-12-05 12:35:46.171621","4","3","-7.8","0.4"
"2017-12-05 12:35:47.179236","4","4","-7.7","0.46"
"2017-12-05 12:36:37.268796","0","0","24.5","0.5"
"2017-12-05 12:36:38.280411","0","1","24.5","0.5"
"2017-12-05 12:36:39.288148","0","2","24.6","0.49"
"2017-12-05 12:36:40.299731","0","3","24.5","0.5"
"2017-12-05 12:36:41.307468","0","4","24.2","0.4"
"2017-12-05 12:37:01.393921","4","0","-8.0","0.45"
"2017-12-05 12:37:02.405411","4","1","-7.8","0.6"
"2017-12-05 12:37:03.413364","4","2","-7.7","0.64"
"2017-12-05 12:37:04.424843","4","3","-8.3","1.1"
"2017-12-05 12:37:05.432496","4","4","-7.6","0.92"
"2017-12-05 12:37:55.522063","0","0","24.3","0.46"
"2017-12-05 12:37:56.533706","0","1","24.8","0.4"
"2017-12-05 12:37:57.541417","0","2","24.2","0.4"
"2017-12-05 12:37:58.548815","0","3","24.3","0.46"
"2017-12-05 12:37:59.560477","0","4","24.2","0.6"
"2017-12-05 12:38:19.647207","4","0","-8.0","0.0"
"2017-12-05 12:38:20.654883","4","1","-7.6","0.66"
"2017-12-05 12:38:21.666554","4","2","-7.9","0.7"
"2017-12-05 12:38:22.673962","4","3","-7.8","0.4"
"2017-12-05 12:38:23.685666","4","4","-7.6","0.66"
"2017-12-05 12:39:13.771262","0","0","24.3","0.46"
"2017-12-05 12:39:14.782756","0","1","24.3","0.46"
"2017-12-05 12:39:15.790595","0","2","24.4","0.49"
"2017-12-05 12:39:16.802077","0","3","24.3","0.46"
"2017-12-05 12:39:17.809910","0","4","24.0","0.0"
"2017-12-05 12:39:37.896241","4","0","-7.9","0.54"
"2017-12-05 12:39:38.903900","4","1","-7.7","0.64"
"2017-12-05 12:39:39.911576","4","2","-7.8","0.4"
"2017-12-05 12:39:40.923276","4","3","-7.9","0.7"
"2017-12-05 12:39:41.930925","4","4","-7.7","0.64"
"2017-12-05 12:40:32.020357","0","0","24.5","0.5"
"2017-12-05 12:40:33.031963","0","1","24.4","0.49"
"2017-12-05 12:40:34.039807","0","2","24.3","0.46"
"2017-12-05 12:40:35.051337","0","3","24.2","0.4"
"2017-12-05 12:40:36.058952","0","4","24.2","0.4"
"2017-12-05 12:40:56.145449","4","0","-8.0","0.45"
"2017-12-05 12:40:57.153299","4","1","-7.8","0.6"
"2017-12-05 12:40:58.160823","4","2","-8.2","0.6"
"2017-12-05 12:40:59.172294","4","3","-7.8","0.4"
"2017-12-05 12:41:00.180214","4","4","-7.8","0.4"
"2017-12-05 12:41:50.269626","0","0","24.3","0.46"
"2017-12-05 12:41:51.281026","0","1","24.2","0.4"
"2017-12-05 12:41:52.288867","0","2","24.2","0.4"
"2017-12-05 12:41:53.300393","0","3","24.1","0.3"
"2017-12-05 12:41:54.308291","0","4","24.1","0.3"
"2017-12-05 12:42:14.394841","4","0","-7.9","0.83"
"2017-12-05 12:42:15.406275","4","1","-8.2","0.6"
"2017-12-05 12:42:16.414056","4","2","-7.8","0.6"
"2017-12-05 12:42:17.425682","4","3","-7.8","0.6"
"2017-12-05 12:42:18.433332","4","4","-7.6","0.49"
"2017-12-05 12:43:08.518722","0","0","24.1","0.3"
"2017-12-05 12:43:09.526175","0","1","24.2","0.4"
"2017-12-05 12:43:10.538053","0","2","24.1","0.3"
"2017-12-05 12:43:11.545581","0","3","24.1","0.3"
"2017-12-05 12:43:12.557272","0","4","24.2","0.4"
"2017-12-05 12:43:32.644145","4","0","-8.2","0.4"
"2017-12-05 12:43:33.655357","4","1","-8.0","0.0"
"2017-12-05 12:43:34.663256","4","2","-7.9","0.54"
"2017-12-05 12:43:35.670968","4","3","-7.8","0.4"
"2017-12-05 12:43:36.682581","4","4","-8.0","0.45"
"2017-12-05 12:44:26.768021","0","0","24.5","0.5"
"2017-12-05 12:44:27.779490","0","1","24.4","0.49"
"2017-12-05 12:44:28.787232","0","2","24.5","0.5"
"2017-12-05 12:44:29.798829","0","3","24.2","0.4"
"2017-12-05 12:44:30.806561","0","4","24.1","0.54"
"2017-12-05 12:44:50.893141","4","0","-7.9","0.54"
"2017-12-05 12:44:51.904726","4","1","-8.0","0.0"
"2017-12-05 12:44:52.912489","4","2","-8.1","0.3"
"2017-12-05 12:44:53.920034","4","3","-7.9","0.3"
"2017-12-05 12:44:54.931573","4","4","-7.7","0.78"
"2017-12-05 12:45:45.025311","0","0","24.2","0.6"
"2017-12-05 12:45:46.032818","0","1","24.3","0.46"
"2017-12-05 12:45:47.044533","0","2","24.5","0.5"
"2017-12-05 12:45:48.052271","0","3","24.2","0.4"
"2017-12-05 12:45:49.063680","0","4","24.2","0.4"
"2017-12-05 12:46:09.150306","4","0","-7.8","0.6"
"2017-12-05 12:46:10.157942","4","1","-7.6","0.49"
"2017-12-05 12:46:11.169715","4","2","-7.6","0.49"
"2017-12-05 12:46:12.177487","4","3","-7.8","0.6"
"2017-12-05 12:46:13.185119","4","4","-7.7","0.46"
"2017-12-05 12:47:03.274524","0","0","24.4","0.49"
"2017-12-05 12:47:04.286119","0","1","24.3","0.46"
"2017-12-05 12:47:05.293792","0","2","24.2","0.4"
"2017-12-05 12:47:06.305475","0","3","24.4","0.49"
"2017-12-05 12:47:07.313127","0","4","24.4","0.49"
"2017-12-05 12:47:27.399901","4","0","-8.1","0.3"
"2017-12-05 12:47:28.411193","4","1","-7.6","0.66"
"2017-12-05 12:47:29.418966","4","2","-7.8","0.87"
"2017-12-05 12:47:30.426616","4","3","-7.9","0.7"
"2017-12-05 12:47:31.438265","4","4","-7.6","0.66"
"2017-12-05 12:48:21.527654","0","0","24.3","0.46"
"2017-12-05 12:48:22.535407","0","1","24.4","0.49"
"2017-12-05 12:48:23.547022","0","2","24.3","0.46"
"2017-12-05 12:48:24.554598","0","3","24.5","0.5"
"2017-12-05 12:48:25.566105","0","4","24.1","0.54"
"2017-12-05 12:48:45.648859","4","0","-8.0","0.45"
"2017-12-05 12:48:46.660467","4","1","-7.8","0.6"
"2017-12-05 12:48:47.668021","4","2","-7.7","0.46"
"2017-12-05 12:48:48.679724","4","3","-7.8","0.4"
"2017-12-05 12:48:49.687312","4","4","-8.0","0.45"
"2017-12-05 12:49:39.776804","0","0","24.5","0.5"
"2017-12-05 12:49:40.784301","0","1","24.1","0.3"
"2017-12-05 12:49:41.791893","0","2","24.2","0.4"
"2017-12-05 12:49:42.803768","0","3","24.1","0.3"
"2017-12-05 12:49:43.811441","0","4","24.1","0.3"
"2017-12-05 12:50:03.901975","4","0","-8.2","0.75"
"2017-12-05 12:50:04.909671","4","1","-8.0","0.63"
"2017-12-05 12:50:05.921270","4","2","-8.1","0.7"
"2017-12-05 12:50:06.928903","4","3","-8.0","0.63"
"2017-12-05 12:50:07.940603","4","4","-7.8","0.6"
"2017-12-05 12:50:58.026065","0","0","24.3","0.46"
"2017-12-05 12:50:59.033722","0","1","24.3","0.46"
"2017-12-05 12:51:00.045352","0","2","24.3","0.46"
"2017-12-05 12:51:01.053105","0","3","24.5","0.5"
"2017-12-05 12:51:02.064629","0","4","23.9","0.3"
"2017-12-05 12:51:22.155360","4","0","-8.2","0.4"
"2017-12-05 12:51:23.166942","4","1","-7.6","0.49"
"2017-12-05 12:51:24.174685","4","2","-7.9","0.3"
"2017-12-05 12:51:25.182432","4","3","-8.2","0.6"
"2017-12-05 12:51:26.194008","4","4","-7.8","0.6"
"2017-12-05 12:52:16.287356","0","0","24.3","0.46"
"2017-12-05 12:52:17.295105","0","1","24.4","0.49"
"2017-12-05 12:52:18.302831","0","2","24.4","0.49"
"2017-12-05 12:52:19.314527","0","3","24.3","0.46"
"2017-12-05 12:52:20.322047","0","4","24.3","0.46"
"2017-12-05 12:52:40.412734","4","0","-8.1","0.54"
"2017-12-05 12:52:41.420331","4","1","-7.8","0.6"
"2017-12-05 12:52:42.431879","4","2","-8.0","0.45"
"2017-12-05 12:52:43.439732","4","3","-7.9","0.54"
"2017-12-05 12:52:44.451252","4","4","-8.0","0.45"
"2017-12-05 12:53:34.540596","0","0","24.3","0.46"
"2017-12-05 12:53:35.548374","0","1","24.3","0.46"
"2017-12-05 12:53:36.559900","0","2","24.5","0.5"
"2017-12-05 12:53:37.567760","0","3","24.1","0.3"
"2017-12-05 12:53:38.575214","0","4","24.3","0.46"
"2017-12-05 12:53:58.657824","4","0","-7.7","0.46"
"2017-12-05 12:53:59.669567","4","1","-7.9","0.54"
"2017-12-05 12:54:00.677151","4","2","-8.0","0.45"
"2017-12-05 12:54:01.688661","4","3","-7.7","0.78"
"2017-12-05 12:54:02.696206","4","4","-8.0","0.63"
"2017-12-05 12:54:52.785837","0","0","24.2","0.4"
"2017-12-05 12:54:53.793313","0","1","24.5","0.5"
"2017-12-05 12:54:54.805176","0","2","24.3","0.64"
"2017-12-05 12:54:55.812840","0","3","24.2","0.4"
"2017-12-05 12:54:56.824233","0","4","23.9","0.3"
"2017-12-05 12:55:16.907001","4","0","-8.1","0.54"
"2017-12-05 12:55:17.918619","4","1","-8.1","0.54"
"2017-12-05 12:55:18.926287","4","2","-7.6","0.49"
"2017-12-05 12:55:19.937887","4","3","-7.6","0.49"
"2017-12-05 12:55:20.945451","4","4","-7.9","0.7"
"2017-12-05 12:56:11.039062","0","0","24.1","0.3"
"2017-12-05 12:56:12.046631","0","1","24.5","0.5"
"2017-12-05 12:56:13.058318","0","2","24.3","0.46"
"2017-12-05 12:56:14.065970","0","3","24.3","0.64"
"2017-12-05 12:56:15.073625","0","4","24.2","0.4"
"2017-12-05 12:56:35.164257","4","0","-7.8","0.6"
"2017-12-05 12:56:36.171988","4","1","-7.8","0.4"
"2017-12-05 12:56:37.183308","4","2","-7.7","0.78"
"2017-12-05 12:56:38.191184","4","3","-7.8","0.4"
"2017-12-05 12:56:39.198863","4","4","-8.1","0.7"
"2017-12-05 12:57:29.288141","0","0","24.2","0.4"
"2017-12-05 12:57:30.296040","0","1","24.3","0.46"
"2017-12-05 12:57:31.307534","0","2","24.4","0.49"
"2017-12-05 12:57:32.315187","0","3","24.4","0.49"
"2017-12-05 12:57:33.326794","0","4","24.1","0.3"
"2017-12-05 12:57:53.409362","4","0","-7.8","0.75"
"2017-12-05 12:57:54.416757","4","1","-7.5","0.5"
"2017-12-05 12:57:55.424470","4","2","-8.0","0.77"
"2017-12-05 12:57:56.436273","4","3","-7.7","0.46"
"2017-12-05 12:57:57.443905","4","4","-8.0","0.45"
"2017-12-05 12:58:47.537450","0","0","24.1","0.3"
"2017-12-05 12:58:48.545149","0","1","24.1","0.3"
"2017-12-05 12:58:49.556551","0","2","24.5","0.5"
"2017-12-05 12:58:50.564140","0","3","24.4","0.66"
"2017-12-05 12:58:51.572029","0","4","24.2","0.4"
"2017-12-05 12:59:11.662556","4","0","-8.0","0.63"
"2017-12-05 12:59:12.670309","4","1","-7.9","0.7"
"2017-12-05 12:59:13.677874","4","2","-7.9","0.3"
"2017-12-05 12:59:14.689553","4","3","-7.7","0.64"
"2017-12-05 12:59:15.697041","4","4","-8.0","0.63"
"2017-12-05 13:00:05.786784","0","0","24.2","0.4"
"2017-12-05 13:00:06.798322","0","1","24.4","0.49"
"2017-12-05 13:00:07.806007","0","2","24.1","0.3"
"2017-12-05 13:00:08.817600","0","3","24.3","0.46"
"2017-12-05 13:00:09.825409","0","4","24.4","0.49"
"2017-12-05 13:00:29.903633","4","0","-7.8","0.6"
"2017-12-05 13:00:30.915233","4","1","-7.8","0.87"
"2017-12-05 13:00:31.923026","4","2","-7.8","0.6"
"2017-12-05 13:00:32.934391","4","3","-7.5","0.5"
"2017-12-05 13:00:33.942203","4","4","-8.0","0.45"
"2017-12-05 13:01:24.035775","0","0","24.5","0.5"
"2017-12-05 13:01:25.043502","0","1","24.2","0.4"
"2017-12-05 13:01:26.055147","0","2","24.3","0.46"
"2017-12-05 13:01:27.062799","0","3","24.3","0.46"
"2017-12-05 13:01:28.074194","0","4","24.3","0.46"
"2017-12-05 13:01:48.160921","4","0","-7.9","0.54"
"2017-12-05 13:01:49.168611","4","1","-7.8","0.4"
"2017-12-05 13:01:50.180223","4","2","-7.4","0.8"
"2017-12-05 13:01:51.187872","4","3","-8.1","0.54"
"2017-12-05 13:01:52.195590","4","4","-7.8","0.4"
"2017-12-05 13:02:42.289038","0","0","24.0","0.45"
"2017-12-05 13:02:43.296734","0","1","24.3","0.46"
"2017-12-05 13:02:44.308381","0","2","24.1","0.3"
"2017-12-05 13:02:45.316036","0","3","24.5","0.5"
"2017-12-05 13:02:46.327527","0","4","24.1","0.3"
"2017-12-05 13:03:06.418133","4","0","-8.1","0.7"
"2017-12-05 13:03:07.425991","4","1","-7.6","0.49"
"2017-12-05 13:03:08.433693","4","2","-8.2","0.4"
"2017-12-05 13:03:09.445323","4","3","-8.0","0.63"
"2017-12-05 13:03:10.452883","4","4","-7.8","0.75"
"2017-12-05 13:04:00.542452","0","0","24.2","0.4"
"2017-12-05 13:04:01.554015","0","1","24.2","0.4"
"2017-12-05 13:04:02.561545","0","2","24.4","0.49"
"2017-12-05 13:04:03.573120","0","3","24.2","0.4"
"2017-12-05 13:04:04.580781","0","4","24.5","0.5"
"2017-12-05 13:04:24.671576","4","0","-8.2","0.6"
"2017-12-05 13:04:25.679158","4","1","-8.2","0.4"
"2017-12-05 13:04:26.690736","4","2","-7.8","0.87"
"2017-12-05 13:04:27.698129","4","3","-7.5","0.67"
"2017-12-05 13:04:28.706220","4","4","-8.1","0.54"
"2017-12-05 13:05:18.799666","0","0","24.2","0.4"
"2017-12-05 13:05:19.807422","0","1","24.3","0.46"
"2017-12-05 13:05:20.818884","0","2","24.3","0.46"
"2017-12-05 13:05:21.826459","0","3","24.3","0.46"
"2017-12-05 13:05:22.838201","0","4","24.2","0.4"
"2017-12-05 13:05:42.929057","4","0","-8.0","0.45"
"2017-12-05 13:05:43.936725","4","1","-7.8","0.4"
"2017-12-05 13:05:44.948176","4","2","-7.8","0.4"
"2017-12-05 13:05:45.955965","4","3","-7.6","0.49"
"2017-12-05 13:05:46.967383","4","4","-8.1","0.54"
"2017-12-05 13:06:37.052822","0","0","24.4","0.49"
"2017-12-05 13:06:38.060587","0","1","24.6","0.49"
"2017-12-05 13:06:39.072129","0","2","24.2","0.4"
"2017-12-05 13:06:40.080004","0","3","24.4","0.49"
"2017-12-05 13:06:41.087569","0","4","24.6","0.49"
"2017-12-05 13:07:01.174093","4","0","-7.7","0.64"
"2017-12-05 13:07:02.181512","4","1","-8.0","0.89"
"2017-12-05 13:07:03.193220","4","2","-7.9","0.54"
"2017-12-05 13:07:04.200902","4","3","-7.8","0.6"
"2017-12-05 13:07:05.212564","4","4","-7.9","0.54"
"2017-12-05 13:07:55.301947","0","0","24.2","0.6"
"2017-12-05 13:07:56.309762","0","1","24.2","0.4"
"2017-12-05 13:07:57.321377","0","2","24.5","0.5"
"2017-12-05 13:07:58.328919","0","3","24.1","0.3"
"2017-12-05 13:07:59.336866","0","4","24.2","0.4"
"2017-12-05 13:08:19.427366","4","0","-7.7","0.64"
"2017-12-05 13:08:20.438991","4","1","-7.9","0.3"
"2017-12-05 13:08:21.446629","4","2","-8.0","0.63"
"2017-12-05 13:08:22.454414","4","3","-8.0","0.77"
"2017-12-05 13:08:23.465911","4","4","-7.6","0.92"
"2017-12-05 13:09:13.555297","0","0","24.5","0.5"
"2017-12-05 13:09:14.563117","0","1","24.4","0.49"
"2017-12-05 13:09:15.570690","0","2","24.4","0.49"
"2017-12-05 13:09:16.582362","0","3","24.7","0.46"
"2017-12-05 13:09:17.589872","0","4","24.1","0.3"
"2017-12-05 13:09:37.684524","4","0","-7.6","0.66"
